0,1286,（1L)茉莉蜜茶,0
1,1287,*康师傅1L冰红茶,4.20
2,1288,1.55升怡宝水,3.50
3,1289,7喜 330ml 罐装,2.30
4,1290,AD钙奶,1.80
5,1292,RIO鸡尾酒,13.30
6,1293,RIO鸡尾酒白桃味500ml,9.00
7,1294,RIO鸡尾酒柠檬味330ml,9.00
8,1295,RIO鸡尾酒西柚味330ml,9.00
9,1296,RIO酒 香橙,13.30
10,1297,RIO蓝玫瑰味威士忌鸡尾酒275ml,13.30
11,1298,RIO水蜜桃味白兰地鸡尾酒275ml,13.30
12,1299,RIO紫葡萄味白兰地鸡尾酒275ml,13.30
13,1301,爱夸矿泉水,3.20
14,1303,百事听,2.30
15,1304,百岁山-570ml,3.00
16,1305,谷粒多燕麦牛奶200ml,4.50
17,1306,光明白雪酸牛奶,4.30
18,1310,光明风味发酵乳490ml,9.10
19,1311,光明风味酸牛奶轻巧包180g,3.30
20,1313,光明黑加仑风味酸牛奶180g,3.30
21,1314,光明红枣酸牛奶,4.30
22,1317,光明莫斯利安酸牛奶（110g）,3.50
23,1318,光明轻巧包红枣味,3.30
24,1326,光明优+盒装,0
25,1330,果粒橙1.25L,7.00
26,1332,果粒奶优椰子味-450g,3.80
27,1334,海之言-卡曼橘,4.00
28,1335,海之言-柠檬味,4.00
29,1336,海之言-水蜜桃,0
30,1337,海之言-西柚味,4.00
31,1338,汇源100%橙汁（1L）,14.50
32,1339,汇源100%橙汁（200ml）,4.80
33,1340,汇源100%胡萝卜汁（1L）,14.50
34,1341,汇源100%苹果汁（1L）,14.50
35,1342,汇源100%苹果汁（200ml）,4.80
36,1343,汇源100%葡萄汁（1L）,14.50
37,1344,汇源100%葡萄汁（200ml）,4.80
38,1345,汇源100%桃汁（1L）,14.50
39,1346,汇源100%桃汁（200ml）,4.80
40,1348,激浪,2.90
41,1349,激浪听装,2.30
42,1350,加多宝（听）,3.50
43,1354,佳得乐冰橘味运动饮料,4.00
44,1355,佳得乐冰柠,4.00
45,1356,佳得乐西柚味运动饮料,3.80
46,1357,佳得乐蓝莓,4.00
47,1358,尖叫纤维550ML,3.60
48,1359,尖叫运动550ML（蓝）,3.60
49,1362,康师傅1L绿茶,4.20
50,1363,康师傅1L茉莉清茶,4.20
51,1364,康师傅500ml冰红茶,2.60
52,1365,康师傅500ml劲凉冰红茶,2.60
53,1366,康师傅500ml绿茶,2.60
54,1367,康师傅500ml每日C橙,2.60
55,1368,康师傅500ml每日C水晶葡萄,2.60
56,1370,康师傅500ml茉莉花茶,2.60
57,1371,康师傅500ml茉莉蜜茶,2.60
58,1372,康师傅500ml茉莉清茶,2.60
59,1374,康师傅500ml水蜜桃,2.60
60,1376,康师傅500ml酸梅汤,2.60
61,1378,康师傅冰糖柠檬500ml,2.60
62,1379,康师傅冰糖雪梨500ml,2.60
63,1380,康师傅蜂蜜柚子茶（500ml）,2.60
64,1381,康师傅海晶柠檬500ml,2.60
65,1382,康师傅经典奶茶炼乳味（500ml）,4.00
66,1384,康师傅经典奶茶香浓核桃味,4.00
67,1385,康师傅经典奶茶香浓味（500ml）,4.00
68,1387,康师傅矿泉水,1.20
69,1390,李子园草莓乳饮料450ml,4.30
70,1391,李子园荔枝风味乳饮料450ml,4.30
71,1392,李子园牛奶煮咖啡280ml,0
72,1393,李子园牛奶煮椰子280ml,4.50
73,1394,李子园甜牛奶乳饮料450ml,4.30
74,1397,李子园朱古力乳饮料450ml,4.30
75,1399,立顿英式果茶,3.00
76,1403,脉动青柠味,0
77,1405,脉动菠萝味,3.80
78,1409,脉动芒果口味600ml,3.80
79,1414,美年达,2.80
80,1415,美年达（听）,2.30
81,1416,美年达冰镇西瓜味600ml,2.80
82,1417,美年达橙,2.80
83,1419,美年达蜂蜜柚子味-600ml,2.90
84,1422,美年达葡萄,2.80
85,1424,美之源果粒橙,3.20
86,1425,美之源爽粒葡萄,3.20
87,1432,美汁源果粒奶优菠萝味450g,3.80
88,1434,美汁源果粒奶优草莓味450g,3.80
89,1436,美汁源果粒奶优芒果味-450g,3.80
90,1439,美汁源果粒奶优蜜桃味-450g,3.80
91,1441,美汁源果粒奶优原味450g,3.80
92,1452,康师傅炒面套餐葱油拌面121g,6.60
93,1453,康师傅炒面套餐香辣肉酱拌面121g,6.60
94,1454,康师傅炒面套餐鱼香肉丝炒面121g,6.60
95,1455,康师傅汤大师什锦海鲜面,6.50
96,1457,康师傅红烧牛肉面双享卤蛋王158g,6.00
97,1458,康师傅老坛酸菜牛肉面双享卤蛋王,6.00
98,1459,康师傅香辣牛肉面双享卤蛋王,6.00
99,1460,康师傅超爽桶香辣牛肉面,4.80
100,1461,康师傅干拌面酸菜牛肉面,5.00
101,1462,康师傅干拌面香辣牛肉面,5.00
102,1463,康师傅红烧牛肉干拌面,5.00
103,1464,康师傅超爽桶红烧牛肉面,4.80
104,1465,康师傅超爽桶酸菜牛肉面,4.80
105,1466,康师傅爱鲜大餐精炖排骨面,0
106,1467,康师傅白胡椒肉骨面,5.00
107,1468,康师傅桶面老坛泡椒竹笋鸡面,4.00
108,1470,康师傅桶装黑胡椒牛排面,5.00
109,1471,康师傅桶装酸酸辣辣豚骨面,5.00
110,1472,康师傅桶装泡椒牛肉面,4.30
111,1473,康师傅桶装鲜虾鱼板面,4.00
112,1474,康师傅桶装红烧排骨面,4.00
113,1475,康师傅桶装辣卤牛肉面,4.00
114,1476,康师傅桶装卤香牛肉面,4.00
115,1477,康师傅桶装酸菜牛肉面,4.00
116,1478,康师傅桶装酸辣牛肉面,4.00
117,1479,康师傅桶装西红柿鸡蛋打卤面,4.00
118,1480,康师傅桶装香菇炖鸡面,4.00
119,1481,统一汤达人海鲜拉面,7.50
120,1482,统一汤达人罗宋汤面,7.50
121,1483,统一汤达人日式豚骨拉面,7.50
122,1484,统一汤达人酸辣豚骨面,7.50
123,1485,统一拌面风味豆鼓,5.50
124,1486,统一拌面海鲜风味,5.50
125,1487,统一拌面老坛酸菜,5.50
126,1488,统一都会小馆,5.00
127,1489,统一都会小馆,5.00
128,1490,统一来一桶红烧牛肉面,3.80
129,1491,统一来一桶精炖番茄牛肉面,3.80
130,1492,统一来一桶老坛酸菜牛肉面,3.80
131,1493,统一来一桶卤肉面,3.80
132,1495,统一来一桶酸菜鱼面,3.80
133,1497,统一卤肉面桶装,3.80
134,1498,百醇草莓味,6.00
135,1499,百醇红酒巧克力味（48g）,6.00
136,1500,百醇柠檬挞味48g,6.00
137,1501,百醇牛奶味（48g）,6.00
138,1502,百醇巧克力味（48g）,6.00
139,1503,百力滋抹茶香草味,4.00
140,1504,百力滋白脱味65g,4.00
141,1505,百力滋微辣比萨味,4.00
142,1506,百力滋草莓牛奶味,4.00
143,1507,百力滋焦糖黄油味,5.00
144,1508,百力滋蓝莓芝士味,4.00
145,1509,百力滋奶油香草,4.00
146,1510,百力滋培根芝士味,5.00
147,1511,百力滋巧克力味,4.00
148,1512,百力滋色拉味,4.00
149,1514,百力滋特浓番茄60g,4.00
150,1515,百力滋微辣虾味,4.00
151,1516,格力高百奇48g欧韵奶茶味,7.80
152,1517,格力高百奇蜜桃味55g,5.00
153,1518,格力高百奇草莓味,5.00
154,1519,格力高百奇超细草莓味,6.10
155,1520,格力高百奇超细牛奶味55g,6.10
156,1521,格力高百奇蓝莓树莓味55g,5.00
157,1522,格力高百奇抹茶味,5.00
158,1523,格力高百奇牛奶味,5.00
159,1524,格力高百奇巧克力,5.00
160,1525,格力高百奇双重巧克力味,5.00
161,1526,格力高百奇杏仁脆巧克力味,7.80
162,1527,好吃点香脆杏仁饼,3.60
163,1528,好吃点,3.60
164,1529,好吃点,3.60
165,1530,旺旺仙贝520g,24.00
166,1531,旺旺仙贝52g,4.30
167,1532,旺旺仙贝物语-60g,6.20
168,1533,旺旺雪饼520g,24.00
169,1534,旺旺雪饼84g,5.30
170,1537,小王子麦烧龙虾味（100g）,2.30
171,1538,小王子麦烧麻香味（100g）,2.30
172,1539,奥利奥巧克力夹心,6.00
173,1540,奥利奥原味夹心,6.00
174,1541,卡夫王子饼干草莓味120g,4.20
175,1542,卡夫王子饼干牛奶味120g,4.20
176,1543,卡夫王子饼干巧克力味120g,4.20
177,1544,盼盼家庭号,3.80
178,1545,桃李-豆沙面包（5个装）170g,3.60
179,1546,桃李-铜锣烧70g,3.30
180,1547,德芙80克丝滑巧克力,12.50
181,1548,德芙80克黑巧克力,12.50
182,1549,德芙80克榛仁巧克力,12.50
183,1550,德芙80g榛仁、巴旦木及葡萄干巧克力,12.50
184,1551,德芙43g榛仁巧克力,7.50
185,1552,德芙43g奶香白巧克力,7.50
186,1553,德芙43g丝滑牛奶巧克力,7.50
187,1554,德芙43g香浓黑巧克力43克,7.50
188,1555,德芙43g榛仁、巴旦木及葡萄干巧克力,7.50
189,1556,士力架70g,5.50
190,1557,士力架51g,4.20
191,1558,士力架35g,3.50
192,1559,益达木糖醇哈密瓜,9.50
193,1560,益达木糖醇草莓,9.50
194,1561,益达木糖醇香橙,9.50
195,1562,益达木糖醇清新西柚味,9.50
196,1569,春光特制椰子糖228g,13.00
197,1570,春光120克特浓传统椰子糖,6.00
198,1571,春光传统椰子糖-120g,6.00
199,1572,春光传统椰子糖特浓228g,13.00
200,1573,百诺英式麦丽素（黑巧克力）,11.50
201,1574,百诺英式麦丽素（牛奶）,11.50
202,1576,阿尔卑斯牛奶硬糖原味-150g,8.30
203,1578,阿尔卑斯（硬糖）树莓牛奶,1.80
204,1579,阿尔卑斯（硬糖）鲜橙牛奶,1.80
205,1580,阿尔卑斯（硬糖）葡萄牛奶,1.80
206,1581,阿尔卑斯（硬糖）草莓牛奶,1.80
207,1583,维维嚼益嚼蓝莓味-27g,4.80
208,1584,维维嚼益嚼巧克力-27g,4.80
209,1587,曼可顿-皇冠面包,9.20
210,1588,曼可顿超醇薄片切片面包（400g）,9.20
211,1589,曼可顿-黄金蛋糕巧克力味（170g）,8.80
212,1590,曼可顿-黄金蛋糕,8.70
213,1591,曼可顿-超级奶棒面包240g,8.00
214,1592,曼可顿-牛奶三文治芝士,7.50
215,1593,曼可顿-粗粮吐司,7.50
216,1595,曼可顿奶黄软餐包210g,6.50
217,1599,曼可顿-全麦（310g）,5.90
218,1600,曼可顿-咸香（310g）,5.70
219,1601,曼可顿-甜香（310g）,5.70
220,1603,曼可顿手撕包120g,5.40
221,1604,曼可顿黄油麻薯80g,5.40
222,1606,曼可顿-美味方香橙提子,3.90
223,1607,曼可顿-美味方红豆,3.90
224,1608,曼可顿-美味方巧克力,3.90
225,1609,曼可顿-牛奶味蒸蛋糕70g,3.90
226,1610,曼可顿皇冠面包奶皇味（80g）,3.50
227,1611,曼可顿超醇切片面包100g,3.00
228,1612,曼可顿-超级奶棒80g,3.00
229,1613,曼可顿夹馅蛋糕豆沙味65g,3.00
230,1614,曼可顿夹馅蛋糕奶黄味65g,3.00
231,1615,曼可顿-松软面包原味70g,3.00
232,1616,曼可顿-松软蛋糕枣泥味70g,3.00
233,1617,曼可顿-手撕包65g,2.80
234,1619,曼可顿-红豆面包68g,2.10
235,1620,曼可顿-椰蓉面包68g,2.10
236,1621,桃李-全麦醇熟切片面包400g,8.50
237,1622,桃李-奶棒面包（六根装）240g,8.00
238,1623,桃李-手撕面包135g,5.50
239,1624,桃李-日式三明治面包（花生）100g,5.20
240,1625,桃李-日式三明治面包（草莓）100g,5.00
241,1626,桃李-轻乳酪蒸蛋糕90g,5.00
242,1627,桃李-香松蛋糕90g,4.80
243,1628,桃李-瑞士卷蛋糕110g,4.80
244,1629,桃李-松之雪夹心蛋糕110g,4.80
245,1630,桃李-起酥面包100g,3.80
246,1632,桃李-天然酵母面包牛奶蛋羹味75g,3.60
247,1633,桃李天然酵母面包巧克力味-75g,3.60
248,1634,桃李-雪之语奶香红豆双馅面包90g,3.40
249,1636,特仑苏-有机纯牛奶,6.00
250,1637,特仑苏-低脂调制乳,5.50
251,1638,光明莫斯利安酸牛奶,5.50
252,1639,维他柠檬茶-500ml,5.50
253,1640,金典纯牛奶盒装250ml,5.40
254,1641,特仑苏-纯牛奶,5.20
255,1642,伊利舒化奶250ml,4.50
256,1643,舒化无乳糖牛奶,4.50
257,1645,伊利安慕希原味-205g,5.00
258,1646,现代牧场-纯牛奶250ml,4.50
259,1647,蒙牛-奶特清新香草牛奶,4.20
260,1648,蒙牛-奶特香蕉牛奶,4.20
261,1649,蒙牛-奶特浓情朱古力,4.20
262,1651,伊利纯牛奶盒装250ml,3.50
263,1654,伊利谷粒多（牛奶红豆红米花生）,3.30
264,1655,光明纯牛奶 盒,3.00
265,1656,伊利纯牛奶袋装240ml,2.90
266,1657,蒙牛-纯牛奶袋装,2.90
267,1658,蒙牛-高钙牛奶（包）240ml,2.80
268,1659,蒙牛-早餐奶核桃味单包,2.70
269,1660,*蒙牛-早餐奶麦香味单包,2.70
270,1661,维他奶原味,2.50
271,1662,维他奶巧克力奶,2.50
272,1663,维他奶黑豆奶（250ml）,2.50
273,1664,维他奶香草味,2.50
274,1665,百事可乐,2.80
275,1666,红牛,6.00
276,1667,好丽友友趣 韩国泡菜味,8.00
277,1668,乐事桶滋滋烤肉味,8.00
278,1670,乐事桶田园番茄味,8.00
279,1671,乐事（40g）忠于原味,3.00
280,1672,乐事（40g）昕救,3.00
281,1673,乐事（40g）鲜浓番茄味,3.00
282,1675,好丽友呀土豆滋香烤鸡味40g,3.50
283,1676,好友趣多汁牛排味45g,3.50
284,1677,好丽友友趣 韩国泡菜味,3.50
285,1720,呀土豆番茄酱味,5.50
286,1721,好丽友蛋黄派（23g*6）,10.50
287,1722,好丽友派2枚装,3.20
288,1723,好丽友派6枚装,8.80
289,1724,好丽友提拉米苏6枚,9.50
290,1725,好丽友Q蒂摩卡巧克力蛋糕,10.40
291,1726,好丽友Q蒂摩卡巧克力味蛋糕,3.50
292,1728,好丽友蛋黄派（23g*2）,3.30
293,1730,好丽友Q蒂摩卡巧克力-（榛子）（28g*6）,10.40
294,1731,猫耳朵,2.00
295,1732,蜗牛派（120g）,2.00
296,1735,小王子鲜贝酥香辣味,2.00
297,1736,诚缘锅巴香辣味,2.00
298,1740,乐事（40g）经典原味,3.00
299,1741,乐事（40g）鸡汁番茄味40g,3.00
300,1742,乐事（40g）黄瓜味,3.00
301,1743,乐事（40g）德克萨斯烧烤味,3.00
302,1744,乐事（40g）香浓红烩味40g,3.00
303,1745,乐事（40g）麻辣锅味,3.00
304,1746,大波浪薯片辛辣味,5.50
305,1747,呀土豆蜂蜜黄油味,6.10
306,1748,上好佳（45g）巧滋圈豆奶味,3.00
307,1749,上好佳（45g）巧滋圈巧克力味,3.00
308,1750,上好佳可可甜心巧克力夹心,3.00
309,1751,上好佳可可甜心红豆夹心,3.00
310,1752,上好佳可可甜心香芋味,3.00
311,1753,上好佳（40g）粟米条朱古力口味,3.00
312,1754,上好佳（40g）栗米条草莓40克,3.00
313,1755,上好佳黄瓜口味,3.00
314,1756,上好佳（40g）鲜虾条,3.00
315,1757,上好佳（40g）鲜虾条辣味,3.00
316,1758,上好佳脆一花生海苔味,3.00
317,1759,上好佳（40g）芝士条40克,3.00
318,1760,上好佳（40g）荷兰豆味40克,3.00
319,1761,上好佳（40g）田园泡玉米口味,3.00
320,1762,上好佳（90g）玉米味,5.00
321,1763,上好佳鲜虾片,5.00
322,1764,上好佳（90g）芝士味,5.00
323,1765,上好佳（40g）番茄味薯条,3.00
324,1766,上好佳田园薯片-50g,3.00
325,1767,上好佳（40g）薯片番茄味40克,3.00
326,1768,上好佳红脆豆,3.00
327,1769,清风超质感手帕纸10+2装,7.20
328,1770,清风原木手帕纸,0.60
329,1771,清风原木手帕纸18包装,10.80
330,1773,结云手帕纸18包,9.00
331,1774,清风超质感200抽,4.80
332,1775,清风超质感三包装,14.40
333,1776,清风原木200抽,4.50
334,1777,清风原木200抽3包装,13.50
335,1778,清风绿茶抽纸,4.00
336,1779,清风抽式面纸3包装,12.00
337,1780,清风原木150抽,3.00
338,1781,清风原木3+1超值装150抽,12.00
339,1783,清风大容量经济装200抽3连包,10.50
340,1786,维达超韧纸巾130抽,3.50
341,1787,维达超韧纸巾130抽*6,21.00
342,1788,洁云原茶清韵200抽,3.50
343,1789,洁云原茶清韵200抽,21.00
344,1790,清风印花3层,2.50
345,1791,清风卷筒纸超质感,2.80
346,1792,清风原木卷纸,2.50
347,1793,心相印绿茶湿纸巾10片,4.20
348,1794,心心相印湿巾,4.20
349,1795,心心相印温和洁肤,4.20
350,1797,七度空间迷你,11.00
351,1798,七度空间超薄夜用,0
352,1799,七度空间女生护垫,4.70
353,1800,七度空间少女夜用8片,9.50
354,1801,七度空间公主系列夜用5片,0
355,1802,七度空间优雅系列夜用8片,0
356,1803,七度空间优雅系列10片夜用,9.00
357,1804,清扬活炭净爽-400+160ml,45.00
358,1806,清扬男士去屑洗发露优惠装（400+160ml）,45.00
359,1807,清扬优惠装,45.00
360,1812,力士密集滋养修护柔亮洗发乳（400+160ml）,40.00
361,1813,力士水润丝滑400+160ml,40.00
362,1814,力士沐浴露优惠装（400+180ml）,25.00
363,1816,多芬日常损伤理护去屑400ml,37.00
364,1818,多芬日常损伤理护去屑洗发乳200ml,24.00
365,1821,力士去屑洗发水200ml,23.00
366,1823,力士柔亮洗发乳400ml,35.00
367,1825,潘婷丝质顺滑洗发露400ml,38.00
368,1827,潘婷丝质顺滑洗发露,22.00
369,1828,海飞丝海洋活力,25.00
370,1829,海飞丝洗发乳护根防掉发型,0
371,1830,海飞丝丝质柔滑,25.00
372,1831,海飞丝怡神冰凉,25.00
373,1832,海飞丝400,45.00
374,1833,400海飞丝,45.00
375,1836,清扬男士洗发水活炭净爽型-400ml,45.00
376,1837,清扬男士去屑洗发露活力薄荷200ml,26.00
377,1838,清扬男士去屑洗发露多效水润200ml,26.00
378,1840,舒肤佳沐浴乳薰衣草味400ml,23.00
379,1844,舒肤佳沐浴乳维E健肤,14.00
380,1848,舒肤佳薄荷舒爽沐浴露,14.00
381,1849,舒服佳芦荟柔肤沐浴露,14.00
382,1850,多芬沐浴露200ml,18.00
383,1851,多芬沐浴露-200ml,18.00
384,1853,多芬沐浴露,18.00
385,1854,飘柔长效柔顺去屑400ml,20.00
386,1855,飘柔家庭护理洗发露,9.90
387,1856,飘柔长效洁顺水润,9.90
388,1858,飘柔长效黑亮190ml,9.90
389,1859,飘柔长效止痒190ml,9.90
390,1860,飘柔长效清爽去屑190ml,9.90
391,1862,六神沐浴露400芦荟,20.00
392,1863,六神沐浴露450冰片,20.00
393,1864,六神沐浴露450ml,20.00
394,1865,六神沐浴露（冰凉）,9.00
395,1866,六神沐浴露,9.00
396,1867,六神沐浴露（清新）,9.00
397,1868,蜂花小麦蛋白护发素450mL,10.00
398,1869,蜂花蚕丝营养护发素450ml,10.00
399,1877,妮维雅男士洁面乳,33.50
400,1878,沐浴花,5.00
401,1880,拉芳润肤洗手液柠檬（500g）,8.00
402,1881,拉芳多姿润肤洗手液500g,8.00
403,1882,夏士莲滋养倍润型,4.80
404,1883,六神绿茶+甘草清凉香皂,4.60
405,1884,六神新七白方美白香皂,4.60
406,1885,六神清爽香皂,4.60
407,1886,六神金盏菊香皂,4.60
408,1887,六神百合香皂,4.60
409,1888,舒肤佳柠檬清新型,5.40
410,1889,舒肤佳金银花自然爽洁香皂,5.40
411,1890,舒肤佳苦艾本草益肤香皂,5.40
412,1891,上海硫磺皂125g,3.50
413,1892,佳洁士(强根固齿)90克,4.00
414,1893,佳洁士草本水晶（90g）,4.00
415,1894,佳洁士茶洁牙膏,4.00
416,1895,佳洁士盐白牙膏（90g）,4.50
417,1897,黑人超白牙膏140g,15.00
418,1898,黑人牙膏抗菊龙井  140g,15.00
419,1899,黑人茶倍健龙井薄荷140g,15.00
420,1900,黑人牙膏140g,15.00
421,1901,黑人茶倍健龙井绿茶牙膏140g,15.00
422,1902,黑人茶倍健牙膏,8.50
423,1903,黑人茶倍健杭菊龙井牙膏,8.50
424,1904,黑人双重薄荷牙膏,8.00
425,1905,黑人茶倍建薄荷牙膏,8.50
426,1906,中华双钙防蛀牙膏-90g,7.50
427,1907,中华中草药90g,7.50
428,1908,中华多效+护龈-90g,0
429,1909,上海防酸牙膏清新留兰香型,3.50
430,1910,上海防酸牙膏178g,8.50
431,1912,高露洁牙膏超强90g,5.00
432,1913,高露洁-防蛀美白,0
433,1914,高露洁牙膏草本90g,4.00
434,1915,男子汉男士专用牙刷,6.00
435,1918,佳洁士牙刷,5.00
436,1919,黑人双效护龈牙刷,5.00
437,1920,中华多效亮白,7.50
438,1921,光明健能,4.30
439,1922,光明畅优酸奶,4.30
440,1923,光明牛奶,4.30
441,1924,卫龙大面筋,0
442,1925,卫龙大面筋,3.20
443,1926,咪咪世界,0.50
444,1927,卫龙牛味棒,0.50
445,1928,卫龙亲嘴烧,0.50
446,1929,卫龙小面筋,0.50
447,1930,雀巢咖啡（听）特浓,3.50
448,1931,雀巢听咖啡香浓,3.50
449,1932,雀巢咖啡（听）香滑,3.50
450,1933,火咖意式香浓拿铁,3.30
451,1934,火咖意式倍醇拿铁,0
452,1935,雅哈意式经典咖啡,6.00
453,1936,雀巢咖啡1+2原味（7条*15克）,10.00
454,1937,雀巢咖啡1+2原味15克,1.50
455,1938,纯萃乳香拿铁咖啡16克,0
456,1939,纯萃喝经典原味即溶咖啡-16g,0
457,1941,雅哈Hey cool 浓咖啡饮料,8.00
458,1942,雅哈Hey smooth 浓咖啡饮料,8.00
459,1943,三得利利趣拿铁,5.50
460,1944,三得利利趣美式咖啡-480ml,5.50
461,1945,火咖（意式拿铁咖啡440ML）,4.20
462,1946,统一（450ml）雅哈冰咖啡,4.50
463,1947,味全-活性乳酸菌草莓味435ml,5.50
464,1948,味全-活性乳酸菌原味435ml,5.50
465,1949,味全-果粒优酪乳草莓味180g,5.00
466,1950,味全每日C果纤橙汁300ml,6.00
467,1951,味全-果粒优酪乳醇正麦香180g,5.00
468,1952,味全-果粒优酪乳凤梨口味180g,5.00
469,1953,味全-果粒优酪乳蓝莓桑椹果180g,5.00
470,1954,味全-果粒优酪乳猕猴桃苹果味180g,5.00
471,1955,味全-每日C橙汁300ml,6.00
472,1956,味全-每日C胡萝卜汁300ml,6.00
473,1957,味全-每日C苹果汁300ml,6.00
474,1958,味全-每日C葡萄柚果疏汁300ml,6.00
475,1959,味全-每日C葡萄汁300ml,6.00
476,1960,味全燕麦牛奶400g,7.00
477,1961,味全-优酪乳芦荟味190g,5.10
478,1962,味全紫米牛奶400g,7.00
479,1963,油淋蹄筋王,2.70
480,1964,妙味轩麻辣串串香,2.50
481,1965,东旺顶牛开心曲奇味110g,3.00
482,1966,聚福斋相思卷,2.50
483,1967,聚斋豆角干,2.50
484,1968,聚福斋,0
485,1969,麦动酸菜棒辣条100g,2.50
486,1970,翻天娃素烧牛排味108g,2.90
487,1971,聚福斋巴西牛排味,2.50
488,1972,聚福斋铁板牛肉片,2.50
489,1973,聚福斋鸡汁麻辣串,2.50
490,1974,妙味轩野山椒粒粒香100g,2.50
491,1975,妙味轩素羊肉串,2.50
492,1976,祖名炭烧味臭豆腐100g,5.10
493,1977,香香嘴卤制豆腐干卤香味75g,4.00
494,1978,香香嘴卤制豆腐干麻辣味75g,4.00
495,1979,有友猪皮90g,7.00
496,1980,有友泡凤爪180g,12.00
497,1981,有友泡凤爪100g,7.00
498,1982,香泉泡凤爪,3.00
499,1983,金厨娘盐h鸭掌100g,5.30
500,1984,吉香居-罗卜干,2.20
501,1985,吉香居-海带丝,2.20
502,1986,无穷盐h鸡蛋,2.00
503,1987,民茂牛板筋（25g）,2.50
504,1988,乡巴佬蛋,1.00
505,1989,野山椒泡凤爪32g,1.20
506,1990,劲仔豆干麻辣味-25g,1.00
507,1991,劲仔豆干香辣味-25g,0
508,1992,劲仔豆干盐h味-25g,1.00
509,1993,劲仔豆干泡椒味-25g,1.00
510,1994,劲仔豆干酱香味,1.00
511,1995,劲仔小鱼香辣小鱼-15g,1.00
512,1996,劲仔小鱼酱汁小鱼-15g,1.00
513,1997,劲仔小鱼卤香味,1.00
514,1998,劲仔小鱼糖醋小鱼-15g,1.00
515,1999,劲仔小鱼麻辣小鱼-15g,1.00
516,2000,老干妈油辣椒,9.50
517,2001,金锣香辣脆脆肠,1.20
518,2002,金锣玉米热狗肠,0
519,2003,双汇热狗肠（香辣香脆肠）（35g）,1.10
520,2004,双汇热狗肠（玉米肠）（40g）,1.10
521,2005,台式烤香肠香辣口味,2.40
522,2006,双汇台式烤香肠（40g）,2.40
523,2007,*台式烤香肠,2.40
524,2008,Q趣（蘑菇风味）,0
525,2009,双汇Q趣（香辣风味）（95g）,2.20
526,2010,Q趣（玉米风味香肠）,2.20
527,2011,双汇马可波罗特级火腿肠,3.50
528,2012,单支润口香甜王,1.50
529,2013,双汇泡面拍档45g,1.40
530,2014,双汇王中王70g,2.20
531,2015,金锣金锣福火腿肠70g,1.50
532,2020,金锣Q香蘑菇味,0
533,2021,鱼肉火腿肠,1.60
534,2022,泡面拍档30g*9,7.00
535,2025,弹脆（30g*8）,8.50
536,2027,麦吉士核桃小酥200g,16.50
537,2028,光明蛋黄切片蛋糕抹茶味,11.50
538,2029,光明蛋黄切片蛋糕原味,11.50
539,2030,盈享法国西梅大,5.00
540,2031,小浣熊意式红烩味,2.50
541,2032,小浣熊日式芥末三文鱼味,2.50
542,2033,美极鸡茸玉米土豆泥,6.40
543,2034,立顿绝品醇台式冻顶乌龙风味奶茶21g,1.50
544,2036,绿箭薄荷瓶装,9.00
545,2037,绿箭薄荷味5片装,1.50
546,2038,绿箭黑加仑子味压片糖果,8.60
547,2040,绿箭留兰香薄荷味压片糖果,8.60
548,2041,绿箭绿茶薄荷味5片装,1.50
549,2042,绿箭柠檬草薄荷味5片装,1.50
550,2044,绿箭原味薄荷味压片糖果,8.60
551,2045,全脂型牛奶片,3.50
552,2048,上好佳薄荷味硬糖,3.20
553,2049,天喔盐津葡萄,3.60
554,2050,天喔盐津桃肉40g,0
555,2055,旺仔QQ糖草莓味70g,3.00
556,2056,旺仔QQ糖可乐味70g,3.00
557,2057,旺仔QQ糖荔枝味70g,3.00
558,2058,旺仔小馒头16g,1.00
559,2061,天喔盐津贵妃杨梅,3.00
560,2062,益达12片装薄荷味,5.00
561,2064,益达12片装热带水果味,6.00
562,2065,盈享柠檬片小,2.70
563,2066,盈享水蜜桃小,2.70
564,2067,盈享西梅小,2.70
565,2068,盈享杨梅-34g,2.70
566,2069,盈享樱桃味李果小,2.70
567,2070,优乐美麦香味奶茶80g杯装,3.00
568,2071,优乐美奶茶原味奶茶80g杯装,3.00
569,2072,优乐美香芋味奶茶80g杯装,3.00
570,2073,5糖口香糖薄荷味 32g*12,5.00
571,2074,5糖口香糖蓝莓,5.00
572,2075,5糖口香糖西瓜味,5.00
573,2076,M&amp;MS豆人顶盖牛奶,0
574,2077,MM牛奶巧克力,4.50
575,2078,MM牛奶糖花生,4.50
576,2079,阿尔卑斯棒棒糖单支草莓牛奶味,0.50
577,2080,阿尔卑斯棒棒糖单支柠檬味,0.50
578,2083,不二家棒棒糖50g,5.70
579,2084,彩虹糖120g,9.50
580,2085,彩虹糖酸劲味,3.80
581,2086,彩虹糖原果味,3.80
582,2087,脆脆鲨4条装牛奶味,4.50
583,2088,脆脆鲨4条装巧克力味,4.50
584,2089,脆香米24g,0
585,2090,大白兔奶糖红豆味,12.50
586,2091,大白兔奶糖清凉味,12.50
587,2092,大白兔奶糖酸奶味,12.50
588,2093,大白兔奶糖原味,12.50
589,2094,方正山楂片,1.00
590,2095,甘汁园女生红糖180g（15g*12包）,25.00
591,2096,冠生园奶油话梅糖（168g）,0
592,2097,荷氏-C缤纷杂果,0
593,2098,荷氏特强薄荷味,2.00
594,2099,荷氏维果-C青柠口味,2.00
595,2100,荷氏维果-C西柚,2.00
596,2101,荷氏维果-C鲜橙口味,2.00
597,2102,金晔红枣山楂条-80g,4.50
598,2103,金晔玫瑰山楂条-80g,4.50
599,2104,金晔蔬果山楂条-80g,4.50
600,2106,梁丰麦丽素,1.00
601,2107,悠哈特浓草莓牛奶糖40克,6.20
602,2108,玉堂白砂糖,4.50
603,2109,云间350g水果软糖,8.80
604,2110,慕思百奇抹茶48g,7.80
605,2111,慕思百奇巧克力味,7.80
606,2112,慕思百奇牛奶味48g,7.80
607,2114,格力高超细百奇巧克力味-55g,6.10
608,2115,格力高百奇粒粒蓝莓味45g,6.10
609,2116,格力高百奇粒粒草莓味45g,6.10
610,2117,格力高百奇粒粒香蕉味45g,6.10
611,2118,奇蒂巧克力味70g,5.20
612,2119,奇蒂草莓味70g,5.20
613,2121,星奇蓝莓,4.40
614,2123,格力高鼓鼓小超人芝士味,4.00
615,2128,法丽兹香梅曲奇120g,6.80
616,2129,康元威化饼干草莓,5.50
617,2130,康元威化饼干巧克力,5.50
618,2131,康元威化饼干牛奶,5.50
619,2132,康元威化饼干柠檬,5.50
620,2133,嘉顿威化饼干香橙味,7.20
621,2134,嘉顿威化饼干椰子味,7.20
622,2135,嘉顿威化饼干牛奶味,7.20
623,2136,嘉顿威化饼干柠檬味,7.20
624,2137,嘉顿威化饼干卡布奇诺味,7.20
625,2138,嘉顿威化饼干巧克力味,7.20
626,2139,嘉顿威化饼干花生味,7.20
627,2140,嘉顿威化饼干草莓味,7.20
628,2141,奥利奥草莓夹心,6.00
629,2142,奥利奥巧轻脆草莓味,6.50
630,2143,奥利奥 轻巧脆柔滑香草慕斯味,6.50
631,2144,奥利奥 轻巧脆薄片 柠檬芝士蛋糕味104g,6.50
632,2145,奥利奥 轻巧脆浓情提拉米苏味,6.50
633,2146,卡夫奥利奥巧克棒随心装牛奶味-65g,6.50
634,2147,奥利奥巧脆卷巧克力味,4.20
635,2148,卡夫奥利奥巧脆卷香草味-55g,4.20
636,2149,趣多多巧克力95克,5.50
637,2150,趣多多香醇咖啡,5.50
638,2151,趣多多缤纷豆巧克力味（85g）,5.50
639,2152,达能王子巧克力曲奇85克,4.00
640,2153,康师傅3+2苏打夹心饼干樱桃巧克力味,5.00
641,2154,康师傅3+2饼干蕃茄沙拉,5.00
642,2155,康师傅3+2饼干香草巧克力,5.00
643,2156,康师傅3+2饼干鲜果蓝莓,5.00
644,2157,康师傅3+2饼干抹茶密豆味,5.00
645,2158,康师傅3+2椰奶香芒味,4.60
646,2159,康师傅3+2苏打夹心饼干玫瑰蜜柚味125g,4.60
647,2160,康师傅甜酥夹心榛子巧克力80克,3.50
648,2161,康师傅甜酥夹心草莓酸奶味,3.50
649,2162,康师傅夹心饼干咸酥葱香奶油味,3.50
650,2163,康师傅夹心饼干咸酥醇香奶油80克,3.50
651,2165,*康师傅夹心饼干柠檬,3.50
652,2166,康师傅美味酥什锦烧烤味,3.50
653,2167,康师傅美味酥点点葱香味,3.50
654,2168,康师傅美味酥海苔味,3.50
655,2169,蛋黄也酥酥牛奶,3.50
656,2170,蛋黄也酥酥原味,3.50
657,2171,卡夫高钙三层奶盐100克,3.70
658,2172,0三层高钙梳打香葱蔬菜味,3.70
659,2173,闲趣自然清咸90g,3.50
660,2174,达能甜趣原味100克,3.50
661,2175,旺旺煎饼原味,5.80
662,2176,旺旺煎饼芝麻味,5.80
663,2177,日清钙奶牛奶味夹心(130g),5.50
664,2178,日清铁奶巧克力夹心（130g）,5.50
665,2179,三牛桃酥,1.60
666,2180,思郎纤麸50g黑芝麻消化饼干,1.50
667,2181,思郎纤麸50g高纤消化饼干,1.50
668,2182,三牛可可夹心饼干,4.00
669,2183,三牛椒盐酥（102g）,2.80
670,2184,三牛巧逗巧克力饼干102g,3.40
671,2185,上海万年青-132g,3.00
672,2186,可可卜饼干,10.50
673,2187,柠檬味卜夹心饼干,10.50
674,2188,红枣味薄饼,10.00
675,2189,TTS芝士味薄饼,10.00
676,2191,烤馍锅巴,2.00
677,2192,米多奇烤馍（50g）,1.20
678,2194,麦烧葱油味,2.30
679,2195,珍料多红油肉末担担面-55g,5.00
680,2196,康师傅珍料多原汁牛肉,5.00
681,2197,康师傅珍料多什锦海鲜面,5.00
682,2199,飞碟炒面四川火锅,4.70
683,2200,飞碟炒面虾仁,4.70
684,2201,飞碟炒面铁板牛肉,4.70
685,2202,飞碟炒面鱼香肉丝,4.70
686,2203,飞碟炒面铁板色拉尢鱼,4.70
687,2204,汤大师醇白什绵海鲜面-50g,5.00
688,2205,汤大师白玉浓厚豚骨面-50g,5.00
689,2206,汤大师金皇牛腩面-50g,5.00
690,2207,康师傅汤品粉丝香醋酸辣,3.80
691,2208,康师傅汤品粉丝菌菇炖鸡汤,3.80
692,2209,康师傅随心杯香辣牛肉面,2.90
693,2210,康师傅随心杯酸菜牛肉面,2.90
694,2211,康师傅随心杯红烧牛肉,2.90
695,2213,合味道五香牛肉风味84g,0
696,2214,合味道香辣海鲜风味,4.80
697,2215,合味道咖喱牛肉味,4.80
698,2216,合味道开杯乐海鲜风味84g,4.80
699,2217,日清合味道意大利牛肉味,4.80
700,2218,日清合味道香辣牛肉味,4.80
701,2219,合味道开杯乐虾仁风味82g,4.80
702,2220,日清合味道猪骨浓汤风味,4.80
703,2221,小浣熊香辣蟹,1.00
704,2222,小浣熊意大利红烩味,1.00
705,2223,小浣熊奥尔良烤翅,1.00
706,2224,小浣熊麻辣香锅味,1.00
707,2225,康师傅脆旋风BBQ烧烤味,0
708,2226,香爆脆香葱鸡味-50g,1.00
709,2227,香爆脆烤羊肉串味-50g,1.00
710,2228,香爆脆蛋烤番茄味-50g,1.00
711,2229,香爆脆猪排味,1.00
712,2230,康师傅香爆脆奇趣怪味豆味,1.00
713,2231,魔法士脆不可挡任性咖喱牛肉味46g,1.00
714,2232,魔法士脆不可挡给力柠檬鸡味46g,1.00
715,2233,魔法士脆不可挡疯狂烤肉味46g,1.00
716,2234,魔法士脆不可挡炫酷烤翅味46g,1.00
717,2235,统一小当家蜜汁猪排味26g,0
718,2236,统一小当家香辣蟹味26g,0
719,2237,统一小当家红烧牛肉26g,0
720,2238,统一小当家五香牛肉味26g,0
721,2239,统一小当家香葱口味26g,0
722,2240,魔法士-吮指嫩牛排味（26g）,0.50
723,2241,魔法士-海鲜味(26g),0.50
724,2242,魔法士-巴西烤肉（26g）,0.50
725,2243,魔法士-麻辣牛排（26g）,0
726,2244,魔法士-香辣小龙虾味（26g）,0.50
727,2245,魔法师小五香酱牛肉26g,0.50
728,2246,魔法士-香烤鸡翅味 （26g）,0.50
729,2248,王小仙沙嗲味烤肉片65g,0
730,2249,蓝岸卡布奇诺咖啡25g,4.50
731,2250,蓝岸梦幻摩卡咖啡25g,4.50
732,2251,蓝岸魅惑拿铁咖啡25g,4.50
733,2252,蓝岸馥郁香草咖啡25g,4.50
734,2253,喜之郎开心时间巧克趣,2.20
735,2255,中洋宝欧式牛奶麦香味（96g）,0
736,2256,中洋宝欧式蛋糕原味（96g）,3.20
737,2257,中洋宝欧式蛋糕香橙味（96g）,3.20
738,2260,上好佳牛奶小饼,1.00
739,2261,上好佳(40g)醇脆美滋番茄味,0
740,2262,奇多干杯脆日式牛排味-25g,1.50
741,2263,盼盼麦香鸡味块,4.00
742,2264,盼盼番茄鸡味块,4.00
743,2265,农心洋葱卷 韩国香辣烤肉味,4.00
744,2266,康师傅妙芙香芋味（96g）,5.00
745,2267,康师傅妙芙奶油味（96g）,5.00
746,2268,好丽友甜天麦30g,2.50
747,2270,好丽友薯愿香烤原味,7.50
748,2271,好丽友薯愿香h番茄味（104g）,7.50
749,2272,汰渍260克洗衣粉,2.00
750,2273,汰渍508g,5.20
751,2276,雕牌清新铃兰无磷洗衣粉（1.28kg）,15.00
752,2277,奇强粉百花香型240g,2.00
753,2278,奥妙洗衣粉500克,6.00
754,2281,立白强效去渍洗衣皂,4.00
755,2282,奥妙超效洗衣皂（206g）,4.00
756,2283,奥妙透明皂（118g）,2.80
757,2284,扇牌高级洗衣皂,3.00
758,2286,雕牌阳光青柠透明皂202g,4.00
759,2287,雕牌透明皂102克,2.20
760,2289,蓝月亮（500ml）,10.00
761,2290,蓝月亮洗衣液1kg,20.00
762,2291,奥妙洗衣液（1kg）,23.00
763,2298,白猫柠檬红茶洗洁精,5.00
764,2299,5593洗衣刷,0
765,2300,飞英衣架,11.00
766,2301,云娜衣架,10.00
767,2305,adidas男袜,4.50
768,2308,日美钢勺,5.00
769,2309,金达日美钢叉,4.00
770,2310,胶带,4.00
771,2311,达利园软面包香奶味(360g),11.00
772,2312,达利园法式软面包,11.00
773,2313,达利园-法式软面包,6.80
774,2314,达利园小面包香橙味（200g）,6.80
775,2315,坚强沙琪玛52g,1.00
776,2316,唐顿小沙琪玛（玉米味）50g,0
777,2317,中洋宝注芯蛋糕,8.30
778,2318,中洋宝注芯蛋糕蛋黄味（450g）,8.30
779,2319,中洋宝注芯蛋糕巧克力味（480g）,8.30
780,2320,达利园-瑞士卷200g草莓,7.20
781,2321,达利园-瑞士卷200克香蕉味,7.20
782,2322,达利园-瑞士卷200g巧克力味,7.20
783,2323,达利园-瑞士卷200g橙汁味,7.20
784,2324,耶米熊一米阳光米通120g,4.00
785,2325,耶米熊香米棒180g,5.50
786,2326,耶米熊蜂巢卷,4.30
787,2327,台尚沙琪玛蛋酥270克,13.50
788,2328,台尚沙琪玛芝麻180克,9.40
789,2329,台尚沙琪玛蛋酥180克,9.40
790,2330,耶米熊千层蛋酥卷150g,4.20
791,2331,500g大宇沙琪玛黑米,10.00
792,2332,大宇紫薯沙琪玛500g,10.00
793,2333,大宇玉米沙琪玛500g,10.00
794,2334,大宇黑糖沙琪玛500g,10.00
795,2335,回头客华夫饼原味,4.00
796,2336,上好佳棉花糖香草味,3.00
797,2337,上好佳棉花糖绿苹果,3.00
798,2338,上好佳棉花糖草莓,3.00
799,2339,大和味原味薯条,3.60
800,2340,大和味芝士薯条,3.60
801,2341,大和味烧烤味薯条,3.60
802,2342,大和味番茄薯条,3.60
803,2343,喀吱脆牛奶香芋味（51g）,2.60
804,2344,喀吱脆葱香烤翅味,2.60
805,2345,喀吱脆纯香紫薯（51g）,2.60
806,2346,喀吱脆原味60g,2.60
807,2347,美好时光海苔番茄味3g,2.50
808,2348,美好时光海苔番茄味4.5g,4.50
809,2350,美好时光海苔原味7.5g,7.00
810,2351,爱艺华蓝莓夹心棉花糖,4.80
811,2352,爱艺华柠檬夹心棉花糖,4.80
812,2353,新东阳海苔肉松-105g,16.50
813,2354,天淳阿胶枣,4.20
814,2355,阿胶枣,4.20
815,2356,旺旺小小酥葱香鸡肉味（60g）,3.00
816,2357,黄飞鸿麻辣花生（76g）,5.30
817,2358,旺旺挑豆豌豆,2.50
818,2359,旺旺挑豆脆皮花生味,2.50
819,2360,洽洽怪味豆五香味130g,4.50
820,2361,洽洽怪味豆麻辣味130g,4.50
821,2362,甘源牌蟹香味炒米,3.80
822,2363,甘源牌香米75g,3.80
823,2364,甘源牌美国青豌豆原味,3.80
824,2365,甘源牌原味豌豆,3.80
825,2366,甘源麻辣味豌豆,3.80
826,2367,甘源牌美国青豌豆蟹黄味,3.80
827,2368,甘源蚕豆老醋味,3.80
828,2369,甘源牌蚕豆酱汁牛肉味,3.80
829,2370,甘源牌肉松味蚕豆,3.80
830,2371,甘源蚕豆焦糖味,3.80
831,2372,甘源牌蟹黄味蚕豆,3.80
832,2373,甘源焦糖味瓜子仁,3.80
833,2374,甘源紫薯味瓜子仁,3.80
834,2375,乐口香椒盐花生,4.50
835,2376,农夫山庄白瓜子122g,5.50
836,2377,洽洽香瓜子308克,9.50
837,2378,洽洽香瓜子160克,5.30
838,2379,洽洽香瓜子110g,3.40
839,2380,阿明菊花香瓜子153g,5.50
840,2381,阿明菊花香瓜子308g,9.00
841,2383,奥灵奇雪梨罐头,6.00
842,2384,奥灵奇什锦水果罐头,6.00
843,2385,奥灵奇糖水黄桃罐头,6.00
844,2386,奥灵奇好片桔罐头,6.00
845,2387,奥灵奇糖水杨梅罐头,6.00
846,2388,冠生园蜂蜜500克,21.00
847,2389,冯鑫阿胶枣252g,0
848,2390,喜之郎蜜桔果肉果冻450g,15.00
849,2391,喜之郎蜜桔果肉果冻990g,28.00
850,2392,喜之郎维c果冻爽菠萝味,2.40
851,2393,喜之郎cc果冻爽苹果味,2.40
852,2394,喜之郎cici苹果味150g,2.40
853,2395,喜之郎维c果冻爽葡萄,2.40
854,2396,喜之郎cc柠檬味150g,2.40
855,2397,喜之郎吸吸芒果味,2.40
856,2398,喜之郎果粒爽橙汁味350ml,3.40
857,2399,喜之郎果粒爽葡萄味350ml,3.40
858,2400,喜之郎水蜜桃果粒爽350ml,3.40
859,2401,喜之郎果粒爽苹果味350ml,3.40
860,2402,单支菠萝味CICI-80ml,2.50
861,2403,单支芒果味CICI-80ml,0
862,2404,喜之郎150g冰糖雪梨味果粒爽,2.40
863,2405,喜之郎150g香橙味果粒爽,2.40
864,2406,喜之郎150g菠萝味果粒爽,2.40
865,2407,喜之郎黄桃&amp;蜜桃果冻,4.20
866,2408,喜之郎什锦果肉,4.20
867,2409,旺旺什锦果肉果冻,3.50
868,2410,旺旺黄桃蜜桃果肉果冻,3.50
869,2411,旺旺蜜桔菠萝果肉果冻178g,3.50
870,2412,亲亲蜜桃&amp;黄桃果冻-200g,3.50
871,2413,喜之郎果汁果肉爽,2.40
872,2414,喜之郎cici香橙味果冻,2.40
873,2415,喜之郎苹果味果冻爽218g,2.40
874,2416,喜之郎cici荔枝果冻218g,2.40
875,2417,喜之郎布甸,12.50
876,2418,回头客铜锣烧红豆味夹心蛋糕（160g）,7.50
877,2419,回头客铜锣烧枣泥味夹心蛋糕（160g）,7.50
878,2420,华味亨开心果,18.50
879,2421,原味青豌豆40g,2.50
880,2422,宏美衣架,9.00
881,2423,奥利奥双心脆威化香草味,5.50
882,2424,奥利奥双心脆威化草莓味,5.50
883,2425,益达条装西瓜味,2.50
884,2426,益达条装薄荷味,2.50
885,2427,益达条装柠檬味,2.50
886,2428,益达条装蓝莓味,2.50
887,2433,康元提子饼干200g,12.00
888,2434,康元椰子奶油饼干200g,7.50
889,2435,康元朱古力味夹心饼干200g,7.50
890,2436,日清香脆片葱香味100g,2.50
891,2437,日清香脆片芝麻味100g,2.50
892,2438,m&amp;m牛奶巧克力豆瓶装100g,0
893,2439,甘汁园姜汤,0
894,2440,优乐美杯装草莓味,0
895,2441,优乐美杯装巧克力味,3.00
896,2442,优乐美红枣奶茶,4.00
897,2443,优乐美芝士燕麦奶茶,4.00
898,2444,蒙牛纯甄,5.50
899,2445,真果粒-草莓果粒,3.70
900,2446,真果粒-椰果粒,3.70
901,2447,真果粒-桃果粒,3.70
902,2448,真果粒-芦荟粒,3.70
903,2449,蒙牛酸酸乳,2.00
904,2450,上好佳青苹果味硬糖,3.20
905,2451,花间集竹彩系列抽纸,3.00
906,2452,花间集竹彩系列抽纸,9.00
907,2453,南孚5号电池,5.00
908,2454,南孚7号电池,5.00
909,2455,都市牧场爽口含片芒果味,6.80
910,2456,都市牧场爽口含片薄荷味,6.80
911,2457,都市牧场爽口含片柠檬味,6.80
912,2458,随便学生蛋,1.70
913,2459,光明轻巧包芦荟风味酸奶,3.30
914,2460,旺仔牛奶250mL,4.50
915,2461,旺仔牛奶听装245ml,4.80
916,2462,罐装王老吉,3.50
917,2463,三得利无糖乌龙茶,3.30
918,2464,三得利低糖乌龙茶,3.30
919,2465,康师傅红烧牛肉面袋装,0
920,2466,康师傅香辣牛肉面袋装,2.50
921,2467,康师傅老坛酸菜牛肉面袋装,2.50
922,2468,康师傅泡椒牛肉面袋装,2.90
923,2469,康师傅白胡椒肉骨面袋装,2.90
924,2470,康师傅黑胡椒牛排面袋装,0
925,2471,康师傅辣卤香牛肉面袋装,2.50
926,2472,康师傅红烧牛肉面大食代袋装,3.30
927,2473,康师傅老坛酸菜牛肉面大食代,3.30
928,2474,康师傅香辣牛肉面大食代,3.30
929,2475,回头客铜锣烧抹茶味,5.00
930,2476,米老头多谷果子海苔味,8.80
931,2478,米老头多谷果子蛋黄味,8.80
932,2480,迷你酥红曲味沙琪玛,6.60
933,2481,花生牛轧糖200g,0
934,2482,大宇原味沙琪玛,10.00
935,2483,台湾米饼蛋黄味,10.50
936,2484,魔爪,0
937,2485,雀巢全家营养奶粉300g,21.00
938,2486,光明全脂奶粉400g,0
939,2487,永和豆浆原味350g,0
940,2488,南方黑芝麻糊480g,18.00
941,2492,珍,20.00
942,2493,长白甘泉,3.00
943,2494,火咖意式倍醇拿铁,3.50
944,2495,雅哈拿铁咖啡,6.00
945,2496,雀巢咖啡丝滑摩卡268ml,5.00
946,2497,雀巢咖啡丝滑拿铁268ml,5.00
947,2498,七度空间冰感护垫,4.70
948,2499,护舒宝棉柔贴身日用10片,6.00
949,2500,护舒宝棉柔贴身夜用10片,7.50
950,2501,苏菲超熟睡290棉柔感5片,7.00
951,2502,苏菲弹力贴身5片,4.80
952,2503,午后奶茶巧克力味,4.00
953,2504,午后奶茶经典原味,4.00
954,2505,火咖美式冰咖啡,4.20
955,2506,旺仔牛奶糖62g,4.00
956,2507,立顿绿茶50g,12.50
957,2508,立顿温润红茶50g,12.50
958,2509,立顿茉莉花茶50g,12.50
959,2510,珍甜橙味200g,8.70
960,2511,珍柠檬味200g,8.70
961,2512,统一冠军榜番茄鸡蛋刀削面,9.60
962,2515,好巴食豆腐干烧烤味,3.20
963,2516,好巴食豆腐干麻辣味,3.20
964,2517,卫龙亲嘴烧72克,2.50
965,2518,天润酸奶,4.50
966,2519,雀巢鹰唛炼奶-巧克力味,11.30
967,2520,四季宝花生酱,18.60
968,2521,优乐美奶茶杯装咖啡味,3.00
969,2522,卫龙大面筋,2.50
970,2523,盼盼烧烤牛排味块,4.00
971,2524,圣诞平安果（4元款）,0
972,2525,娃哈哈桂圆莲子八宝粥,3.70
973,2526,银鹭好粥道,4.00
974,2527,银鹭八宝粥,3.80
975,2528,康师傅黑胡椒牛排面袋装,2.90
976,2529,喜之郎鸡蛋味布甸,4.50
977,2530,脉动橘子口味,3.80
978,2531,巧茶点抹茶味,9.00
979,2532,洽洽焦糖味瓜子,7.00
980,2533,大宇微微酥沙琪玛,11.00
981,2534,康师傅3+2苏打夹心清新柠檬味,5.00
982,2535,喀吱脆鸡汁番茄味,2.60
983,2536,乐事桶吮指红烧肉味,8.00
984,2537,乐事意大利香浓红烩味70g,5.50
985,2538,呀！土豆清新芒果原味40g,3.50
986,2539,乐事放肆烤鱿鱼味70g,5.50
987,2540,双汇鸡肉香肠65g,1.30
988,2541,金厨娘美味鸭掌30g,1.60
989,2542,光明鲜牛奶杯装,4.30
990,2543,光明鲜牛奶200ml盒装,4.30
991,2544,核桃味瓜子,7.00
992,2545,天润  冰淇淋化了,0
993,2546,天润  酸奶熟了,0
994,2547,天润  巧克力碎了,4.50
995,2548,天润  hello 酸奶,0
996,2549,LIPO利葡面包干,14.50
997,2550,千层脆发酵饼干,3.60
998,2551,口水娃兰花豆（五香味）,1.00
999,2552,口水娃兰花豆（烤肉味）,1.00
1000,2553,品客薯片(番茄味、原味、洋葱味),7.50
1001,2554,雪碧500ml零卡,3.00
1002,2555,蒙牛真果粒蓝莓味,4.00
1003,2556,康师傅桶装金汤肥牛面,5.00
1004,2557,康师傅桶装金汤肥虾球,5.00
1005,2558,天润冰淇淋化了,4.50
1006,2559,口水娃兰花豆香辣味,3.80
1007,2560,口水娃多味花生五香味,3.80
1008,2561,康师傅红烧牛肉面袋装,2.50
1009,2562,康师傅袋装红烧排骨面,2.50
1010,2563,康师傅袋装香菇炖鸡面,2.50
1011,2564,康师傅袋装卤香牛肉面,2.50
1012,2565,康师傅袋装鲜虾鱼板面,2.50
1013,2566,康师傅袋装西红柿打卤面,2.50
1014,2567,康师傅海鲜豚骨面杯装,5.00
1015,2570,天喔炭烧-原香奶茶,4.50
1016,2571,天喔炭烧-鸳鸯奶茶,4.50
1017,2572,天喔炭烧-黑糖烤奶茶,4.50
1018,2573,天喔炭烧-拿铁咖啡,4.50
1019,2574,天喔炭烧-摩卡咖啡,4.50
1020,2575,天喔巴诺-焦糖玛奇朵咖啡饮料（300ml）,6.50
1021,2576,天喔巴诺-醇香拿铁饮料（300ml）,6.50
1022,2577,天喔主意-冷泡柠檬红茶（480ml）,4.50
1023,2578,天喔主意-冷泡卡曼橘绿茶（480ml）,4.50
1024,2579,天喔主意-冷泡芒果红茶（480ml）,4.50
1025,2580,天喔c满e-柠檬汁+西柚汁,3.50
1026,2581,天喔c满e-柠檬汁+石榴汁,3.50
1027,2582,天喔c满e-柠檬汁+水蜜桃汁,3.50
1028,2583,天喔c满e-柠檬汁+奇异果汁,3.50
1029,2584,天喔c满e-柠檬汁+百香果汁,3.50
1030,2585,天喔蜂蜜柚子茶,3.20
1031,2586,天喔蜂蜜蔓越莓茶,3.20
1032,2587,天喔蜂蜜雪梨茶,3.20
1033,2588,天喔蜂蜜卡曼橘茶,3.20
1034,2589,统一香辣牛肉面,3.80
1035,2590,啃馋你考鸭翅,5.50
1036,2591,津威乳酸菌饮料160mL,0
1037,2592,津威乳酸菌饮料100mL,1.80
1038,2593,波路梦普奇饼干,4.50
1039,2594,天润hello酸奶,0
1040,2595,双汇无淀粉金阳光火腿肠,11.00
1041,2596,金锣泡面伴侣,0
1042,2597,卤制豆干麻辣味,2.50
1043,2598,迷你蛋糕卷,7.20
1044,2599,李子园哈密瓜饮料450ml,4.30
1045,2600,怡宝水350ml,1.80
1046,2601,怡宝水555ml,1.80
1047,2602,农夫山泉茶π,4.60
1048,2603,农夫山泉水柠檬,3.60
1049,2604,农夫山泉水荔枝,3.60
1050,2605,天润艾萨拉姆,0
1051,2606,天润青柠味,4.50
1052,2607,心心相印冬己湿巾,3.90
1053,2608,桃李菠菠面包,4.80
1054,2609,盼盼香蕉味酥,4.00
1055,2610,百诺麦丽素80g,4.20
1056,2611,百诺麦丽素180g,8.00
1057,2612,维他命水,3.80
1058,2613,水溶c100,4.50
1059,2614,上好佳田园薯片丝滑蜜蜂黄油味,3.00
1060,2615,上好佳蟹味逸族,3.00
1061,2616,旺仔摇滚冻,3.80
1062,2617,旺仔摇滚冻,3.80
1063,2618,旺旺茶冻,3.80
1064,2619,旺旺维多粒（备注口味）,2.80
1065,2622,维维嚼益嚼芒果味-27g,4.80
1066,2623,好巴食豆腐干泡椒味,3.20
1067,2624,上好佳鲜虾片40g,3.00
1068,2629,微微酥沙琪玛（单个）,2.40
1069,2630,民茂烧烤牛肉,6.50
1070,2631,喜之郎果粒爽红葡萄味（258ml）,2.80
1071,2632,喜之郎果粒爽橙汁味（258ml）,2.80
1072,2633,喜之郎果粒爽水蜜桃味（258ml）,2.80
1073,2634,味全-活性乳酸菌芦荟味435ml,5.50
1074,2635,RIO鸡尾酒葡萄白兰地味500ml,9.00
1075,2636,阿高师傅去皮榨菜丝,1.80
1076,2637,阿高师傅榨菜片,1.80
1077,2638,阿高师傅雪菜笋丝,1.80
1078,2639,阿高师傅雪菜金针菇,1.80
1079,2640,乡里人麻辣串串香,2.50
1080,2641,麦动口水王,2.50
1081,2642,麦动口水妹辣条,2.50
1082,2643,民茂麻辣牛肉,6.50
1083,2644,民茂泡椒牛肉,6.50
1084,2645,康老大牛肉粒沙嗲味,4.60
1085,2646,康老大牛肉粒香辣味,4.60
1086,2647,康老大牛肉粒五香味,4.60
1087,2648,乡里人红油兰花干,2.50
1088,2649,乡里人美味香干,2.50
1089,2650,吉香居泡椒豇豆,2.20
1090,2651,啃馋你烤鸭脖,5.50
1091,2652,啃馋你小鸡腿,5.50
1092,2653,金磨坊劲道牛肉粒,4.00
1093,2654,金磨坊鸡汁串串香,0
1094,2655,聚福斋铜锣烧风味,2.50
1095,2656,聚福斋孜然羊肉串味,2.50
1096,2657,聚福斋乡村鸡肉串,2.50
1097,2658,雀巢水550ml,1.50
1098,2659,雀巢水1.5L,3.50
1099,2665,加蛋锅巴,1.00
1100,2667,光明肉松饼原味,15.00
1101,2668,U格芒果,4.00
1102,2669,U格柠檬,4.00
1103,2670,U格蜜桃,4.00
1104,2671,Q趣（蘑菇风味）,2.20
1105,2672,Q趣（孜然风味）,2.20
1106,2673,好丽友双莓派,9.50
1107,2674,QQ糖菠萝味70g,3.00
1108,2675,QQ糖蓝莓味70g,3.00
1109,2676,QQ糖苹果味70g,3.00
1110,2677,QQ糖香橙味70g,3.00
1111,2679,RIO强爽柠檬口味,9.50
1112,2680,曼可顿港式菠萝,2.80
1113,2681,曼可顿奶油夹心,3.00
1114,2682,曼可顿红豆奶酥卷,4.50
1115,2683,口水鱼酱汁牛肉味,1.30
1116,2684,口水鱼香辣味,1.30
1117,2685,口水鱼麻辣味,1.30
1118,2686,口水鱼野山椒味,1.30
1119,2687,星球杯120g,6.50
1120,2690,老酒花生仁,2.50
1121,2693,卫龙亲嘴豆皮（65g）,3.60
1122,2694,乐事40g香浓芝士味,3.00
1123,2695,老管家除湿盒,8.00
1124,2697,活性炭挂式除湿袋,6.00
1125,2699,烨龙油淋素蹄筋,2.70